<?xml version="1.0" encoding="UTF-8"?>
<metadata xml:lang="en"><Esri><CreaDate>20160525</CreaDate><CreaTime>14472000</CreaTime><ArcGISFormat>1.0</ArcGISFormat><SyncOnce>TRUE</SyncOnce><DataProperties><itemProps><itemLocation><linkage Sync="TRUE">file://\\ICON-2K12B\Projects\P\15003DCG\Docs\CLOMR\Electronic Submittal - 2016_04_22\Appendix F - Work Map, DLOMC Worksheets, Annotated FEMA Exhibits\GIS\Existing_100_Yr_Floodplain</linkage><protocol Sync="TRUE">Local Area Network</protocol></itemLocation></itemProps><copyHistory><copy source="P:\P\15003DCG\GIS\HECRAS\CLOMR_Workmap\Existing_100_Yr_Floodplain" dest="\\ICON-2K12B\Projects\P\15003DCG\Docs\CLOMR\Electronic Submittal - 2016_04_22\Appendix F - Work Map, DLOMC Worksheets, Annotated FEMA Exhibits\GIS\Existing_100_Yr_Floodplain" date="20160525" time="14472000"></copy></copyHistory></DataProperties></Esri></metadata>
