<?xml version="1.0" encoding="UTF-8"?>
<metadata xml:lang="en"><Esri><CreaDate>20160525</CreaDate><CreaTime>14363200</CreaTime><ArcGISFormat>1.0</ArcGISFormat><SyncOnce>TRUE</SyncOnce><DataProperties><lineage><Process ToolSource="c:\program files (x86)\arcgis\desktop10.2\ArcToolbox\Toolboxes\Data Management Tools.tbx\CalculateField" Date="20160204" Time="113121">CalculateField "Proposed\Cross Sections" STREAM_STN [XS_LN_ID]-10000 VB #</Process><Process ToolSource="c:\program files (x86)\arcgis\desktop10.2\ArcToolbox\Toolboxes\Data Management Tools.tbx\CalculateField" Date="20160204" Time="113144">CalculateField "Proposed\Cross Sections" XS_LN_ID [STREAM_STN] VB #</Process><Process ToolSource="c:\program files (x86)\arcgis\desktop10.2\ArcToolbox\Toolboxes\Data Management Tools.tbx\CalculateField" Date="20160421" Time="101409">CalculateField Proposed_XS XS_LN_ID [STREAM_STN] VB #</Process></lineage><itemProps><itemLocation><linkage Sync="TRUE">file://\\ICON-2K12B\Projects\P\15003DCG\Docs\CLOMR\Electronic Submittal - 2016_04_22\Appendix F - Work Map, DLOMC Worksheets, Annotated FEMA Exhibits\GIS\Proposed_XS</linkage><protocol Sync="TRUE">Local Area Network</protocol></itemLocation></itemProps><copyHistory><copy source="P:\P\15003DCG\GIS\HECRAS\CLOMR_Workmap\Proposed_XS" dest="\\ICON-2K12B\Projects\P\15003DCG\Docs\CLOMR\Electronic Submittal - 2016_04_22\Appendix F - Work Map, DLOMC Worksheets, Annotated FEMA Exhibits\GIS\Proposed_XS" date="20160525" time="14363200"></copy></copyHistory></DataProperties></Esri></metadata>
