<?xml version="1.0" encoding="UTF-8"?>
<metadata><idinfo><citation><citeinfo><origin>Arapahoe County Mapping Section</origin><pubdate>07/10/2008</pubdate><title>Jurisdictions</title><edition>2008</edition><geoform Sync="TRUE">vector digital data</geoform><serinfo><sername>2008</sername></serinfo><pubinfo><pubplace>Arapahoe County</pubplace><publish>Arapahoe County Mapping Section</publish></pubinfo><othercit>Reconciled with Arapahoe County Assessor Data as of this date.</othercit><onlink Sync="TRUE">Server=admnts75; Service=esri_sde; Database=sde; Version=sde.DEFAULT</onlink><ftname Sync="TRUE">sde.AC.Jurisdictions</ftname></citeinfo></citation><descript><abstract>Jurisdictions within Arapahoe County manually derived from recorded annexations.</abstract><purpose>Identify jurisdiction boundaries within Arapahoe County.  Can be used with parcel data in conjuction with Assessor Situs, District and Ownership Data to perform analysis.  Arapahoe County is not liable for the correctness or reliability of the data.</purpose><supplinf>If, in using the data, you find errors that need to be corrected, please contact the Arapahoe County Mapping Section.</supplinf><langdata Sync="TRUE">en</langdata></descript><timeperd><timeinfo><sngdate><caldate>07/10/2008</caldate></sngdate></timeinfo><current>Deer Trail Annexation</current></timeperd><status><progress>Complete</progress><update>Whenever a recorded annexation is received by the Mapping Section</update></status><spdom><bounding><westbc Sync="TRUE">-105.060447</westbc><eastbc Sync="TRUE">-103.702171</eastbc><northbc Sync="TRUE">39.752721</northbc><southbc Sync="TRUE">39.553344</southbc></bounding><lboundng><leftbc Sync="TRUE">3123917.908576</leftbc><rightbc Sync="TRUE">3505557.581045</rightbc><bottombc Sync="TRUE">1631423.315487</bottombc><topbc Sync="TRUE">1699359.127119</topbc></lboundng></spdom><keywords><theme><themekt>Jurisdictions</themekt><themekey>Arapahoe County Jurisdiction Boundaries</themekey><themekey>City Jurisdiction Boundaries</themekey></theme><place><placekey>Arapahoe County, Colorado</placekey></place></keywords><accconst>Arapahoe County data can only be used in compliance with the Use Agreement.</accconst><useconst>Subject to errors inherent of any manually derived data. Data is based on recorded annexation documents typically city ordinance documents. </useconst><ptcontac><cntinfo><cntorgp><cntorg>Arapahoe County Mapping Section</cntorg><cntper>Deborah Vaughn</cntper></cntorgp><cntpos>GIS/DBS System Analyst</cntpos><cntaddr><addrtype>mailing and physical address</addrtype><address>10730 E. Briarwood Ave.</address><city>Centennial</city><state>Colorado</state><postal>80112</postal><country>US</country></cntaddr><cntvoice>720-874-6686 or 720-874-6688</cntvoice><cntfax>303-794-3201</cntfax><cntemail>dvaughn@co.arapahoe.co.us</cntemail><hours>Mon - Fri 8 am to 4:30 pm (except Holidays)</hours></cntinfo></ptcontac><datacred>Data is maintained by the Arapahoe County Mapping Section</datacred><native Sync="TRUE">Microsoft Windows XP Version 5.1 (Build 2600) Service Pack 3; ESRI ArcCatalog 9.3.1.1850</native><crossref><citeinfo><title>Araphoe County Parcels</title></citeinfo></crossref><natvform Sync="TRUE">SDE Feature Class</natvform></idinfo><dataqual/><spdoinfo><direct Sync="TRUE">Vector</direct><ptvctinf><esriterm Name="Jurisdictions_SP"><efeatyp Sync="TRUE">Simple</efeatyp><efeageom code="4" Sync="TRUE"></efeageom><esritopo Sync="TRUE">FALSE</esritopo><efeacnt Sync="TRUE">0</efeacnt><spindex Sync="TRUE">FALSE</spindex><linrefer Sync="TRUE">FALSE</linrefer></esriterm></ptvctinf></spdoinfo><spref><horizsys><planar><planci><plance Sync="TRUE">coordinate pair</plance><coordrep><absres Sync="TRUE">0.000260</absres><ordres Sync="TRUE">0.000260</ordres></coordrep><plandu Sync="TRUE">survey feet</plandu></planci></planar><geodetic><horizdn Sync="TRUE">North American Datum of 1983</horizdn><ellips Sync="TRUE">Geodetic Reference System 80</ellips><semiaxis Sync="TRUE">6378137.000000</semiaxis><denflat Sync="TRUE">298.257222</denflat></geodetic><cordsysn><geogcsn Sync="TRUE">GCS_North_American_1983</geogcsn><projcsn Sync="TRUE">NAD_1983_StatePlane_Colorado_Central_FIPS_0502_Feet</projcsn></cordsysn></horizsys><vertdef><altsys><altres Sync="TRUE">1.000000</altres><altenc Sync="TRUE">Explicit elevation coordinate included with horizontal coordinates</altenc></altsys></vertdef></spref><distinfo><resdesc>Downloadable Data</resdesc></distinfo><metainfo><metd Sync="TRUE">20090713</metd><metrd>08/15/2008</metrd><metc><cntinfo><cntorgp><cntorg>Arapahoe County - Mapping Section</cntorg><cntper>Deborah Vaughn</cntper></cntorgp><cntpos>GIS/DBS Group Lead</cntpos><cntaddr><addrtype>10730 E Briawood Ave, Suite 100</addrtype><city>Centennial</city><state>CO</state><postal>80112</postal><country>US</country></cntaddr><cntvoice>720-874-6688</cntvoice><cntfax>303-794-3201</cntfax><cntemail>dvaughn@co.arapahoe.co.us</cntemail><hours>8 a.m. - 4:30 p.m. Monday thru Friday</hours></cntinfo></metc><metstdn Sync="TRUE">FGDC Content Standards for Digital Geospatial Metadata</metstdn><metstdv Sync="TRUE">FGDC-STD-001-1998</metstdv><mettc Sync="TRUE">local time</mettc><metextns><onlink>http://www.esri.com/metadata/esriprof80.html</onlink><metprof>ESRI Metadata Profile</metprof></metextns><langmeta Sync="TRUE">en</langmeta></metainfo><Esri><CreaDate>20170315</CreaDate><CreaTime>09581800</CreaTime><SyncOnce>FALSE</SyncOnce><SyncDate>20170315</SyncDate><SyncTime>01183200</SyncTime><ModDate>20170315</ModDate><ModTime>01183200</ModTime><DataProperties><itemProps><itemLocation><linkage Sync="TRUE">file://\\ADZGSWEBP2\E$\inetpub\wwwroot\DL_Data\Jurisdictions\SP\Jurisdictions_SP.shp</linkage><protocol Sync="TRUE">Local Area Network</protocol></itemLocation><itemName Sync="TRUE">Jurisdictions_SP</itemName><imsContentType Sync="TRUE">002</imsContentType><nativeExtBox><westBL Sync="TRUE">3123917.908576</westBL><eastBL Sync="TRUE">3505393.191150</eastBL><southBL Sync="TRUE">1631423.315487</southBL><northBL Sync="TRUE">1699359.126860</northBL><exTypeCode Sync="TRUE">1</exTypeCode></nativeExtBox><itemSize Sync="TRUE">0.000</itemSize></itemProps><coordRef><type Sync="TRUE">Projected</type><geogcsn Sync="TRUE">GCS_North_American_1983</geogcsn><csUnits Sync="TRUE">Linear Unit: Foot_US (0.304801)</csUnits><projcsn Sync="TRUE">NAD_1983_StatePlane_Colorado_Central_FIPS_0502_Feet</projcsn><peXml Sync="TRUE">&lt;ProjectedCoordinateSystem xsi:type='typens:ProjectedCoordinateSystem' xmlns:xsi='http://www.w3.org/2001/XMLSchema-instance' xmlns:xs='http://www.w3.org/2001/XMLSchema' xmlns:typens='http://www.esri.com/schemas/ArcGIS/10.1'&gt;&lt;WKT&gt;PROJCS[&amp;quot;NAD_1983_StatePlane_Colorado_Central_FIPS_0502_Feet&amp;quot;,GEOGCS[&amp;quot;GCS_North_American_1983&amp;quot;,DATUM[&amp;quot;D_North_American_1983&amp;quot;,SPHEROID[&amp;quot;GRS_1980&amp;quot;,6378137.0,298.257222101]],PRIMEM[&amp;quot;Greenwich&amp;quot;,0.0],UNIT[&amp;quot;Degree&amp;quot;,0.0174532925199433]],PROJECTION[&amp;quot;Lambert_Conformal_Conic&amp;quot;],PARAMETER[&amp;quot;False_Easting&amp;quot;,3000000.000316083],PARAMETER[&amp;quot;False_Northing&amp;quot;,999999.999996],PARAMETER[&amp;quot;Central_Meridian&amp;quot;,-105.5],PARAMETER[&amp;quot;Standard_Parallel_1&amp;quot;,38.45],PARAMETER[&amp;quot;Standard_Parallel_2&amp;quot;,39.75],PARAMETER[&amp;quot;Latitude_Of_Origin&amp;quot;,37.83333333333334],UNIT[&amp;quot;Foot_US&amp;quot;,0.3048006096012192],AUTHORITY[&amp;quot;EPSG&amp;quot;,2232]]&lt;/WKT&gt;&lt;XOrigin&gt;-118767900&lt;/XOrigin&gt;&lt;YOrigin&gt;-94525500&lt;/YOrigin&gt;&lt;XYScale&gt;36985113.707064793&lt;/XYScale&gt;&lt;ZOrigin&gt;-100000&lt;/ZOrigin&gt;&lt;ZScale&gt;10000&lt;/ZScale&gt;&lt;MOrigin&gt;-100000&lt;/MOrigin&gt;&lt;MScale&gt;10000&lt;/MScale&gt;&lt;XYTolerance&gt;0.0032808333333333331&lt;/XYTolerance&gt;&lt;ZTolerance&gt;0.001&lt;/ZTolerance&gt;&lt;MTolerance&gt;0.001&lt;/MTolerance&gt;&lt;HighPrecision&gt;true&lt;/HighPrecision&gt;&lt;WKID&gt;102654&lt;/WKID&gt;&lt;LatestWKID&gt;2232&lt;/LatestWKID&gt;&lt;/ProjectedCoordinateSystem&gt;</peXml></coordRef><lineage><Process ToolSource="c:\program files (x86)\arcgis\desktop10.1\ArcToolbox\Toolboxes\Data Management Tools.tbx\CalculateField" Date="20130709" Time="094314">CalculateField Jurisdictions HYPERLINK "http://www.arapahoegov.com" VB #</Process><Process ToolSource="d:\program files (x86)\arcgis\desktop10.2\ArcToolbox\Toolboxes\Data Management Tools.tbx\EnableEditorTracking" Date="20150322" Time="102458">EnableEditorTracking D:\ArcGIS_Jobs\Job_Connection_to_SDE.sde\SDE.AC.Jurisdictions CREATORNAME CREATEDDATE EDITORNAME LASTUPDATE ADD_FIELDS UTC</Process><Process ToolSource="d:\program files (x86)\arcgis\desktop10.2\ArcToolbox\Toolboxes\Data Management Tools.tbx\CopyFeatures" Date="20170315" Time="011832">CopyFeatures D:\ArcGIS_Jobs\Job_Connection_to_SDE.sde\sde.AC.Jurisdictions E:\inetpub\wwwroot\DL_Data\Jurisdictions\SP\Jurisdictions_SP.shp # 0 0 0</Process></lineage></DataProperties><ArcGISFormat>1.0</ArcGISFormat><ArcGISstyle>FGDC CSDGM Metadata</ArcGISstyle></Esri><dataIdInfo><envirDesc Sync="TRUE"> Version 6.2 (Build 9200) ; Esri ArcGIS 10.2.2.3552</envirDesc><dataLang><languageCode Sync="TRUE" value="eng"/><countryCode value="USA" Sync="TRUE"/></dataLang><idCitation><resTitle Sync="TRUE">Jurisdictions_SP</resTitle><presForm><PresFormCd Sync="TRUE" value="005"/></presForm></idCitation><spatRpType><SpatRepTypCd Sync="TRUE" value="001"/></spatRpType><dataExt><geoEle><GeoBndBox esriExtentType="native"><westBL Sync="TRUE">3123917.908576</westBL><eastBL Sync="TRUE">3505557.581045</eastBL><northBL Sync="TRUE">1699359.127119</northBL><southBL Sync="TRUE">1631423.315487</southBL><exTypeCode Sync="TRUE">1</exTypeCode></GeoBndBox></geoEle></dataExt><geoBox esriExtentType="decdegrees"><westBL Sync="TRUE">-105.060447</westBL><eastBL Sync="TRUE">-103.702171</eastBL><northBL Sync="TRUE">39.752721</northBL><southBL Sync="TRUE">39.553344</southBL><exTypeCode Sync="TRUE">1</exTypeCode></geoBox><dataExt><geoEle><GeoBndBox esriExtentType="search"><exTypeCode Sync="TRUE">1</exTypeCode><westBL Sync="TRUE">-105.060447</westBL><eastBL Sync="TRUE">-103.702756</eastBL><northBL Sync="TRUE">39.752721</northBL><southBL Sync="TRUE">39.553353</southBL></GeoBndBox></geoEle></dataExt></dataIdInfo><mdLang><languageCode Sync="TRUE" value="eng"/><countryCode value="USA" Sync="TRUE"/></mdLang><mdStanName Sync="TRUE">ISO 19115 Geographic Information - Metadata</mdStanName><mdStanVer Sync="TRUE">DIS_ESRI1.0</mdStanVer><mdChar><CharSetCd Sync="TRUE" value="004"/></mdChar><mdHrLv><ScopeCd Sync="TRUE" value="005"/></mdHrLv><mdHrLvName Sync="TRUE">dataset</mdHrLvName><distInfo><distributor><distorTran><onLineSrc><orDesc Sync="TRUE">002</orDesc><linkage Sync="TRUE">Server=admnts75; Service=esri_sde; Database=sde; Version=sde.DEFAULT</linkage><protocol Sync="TRUE">ArcSDE Connection</protocol></onLineSrc></distorTran><distorFormat><formatName Sync="TRUE">SDE Feature Class</formatName></distorFormat></distributor><distFormat><formatName Sync="TRUE">Shapefile</formatName></distFormat><distTranOps><transSize Sync="TRUE">0.000</transSize></distTranOps></distInfo><refSysInfo><RefSystem><refSysID><identCode Sync="TRUE" value="2232" code="2232">NAD_1983_StatePlane_Colorado_Central_FIPS_0502_Feet</identCode><idCodeSpace Sync="TRUE">EPSG</idCodeSpace><idVersion Sync="TRUE">8.2.6</idVersion></refSysID></RefSystem></refSysInfo><spatRepInfo><VectSpatRep><geometObjs Name="Jurisdictions_SP"><geoObjTyp><GeoObjTypCd value="002" Sync="TRUE"></GeoObjTypCd></geoObjTyp><geoObjCnt Sync="TRUE">0</geoObjCnt></geometObjs><topLvl><TopoLevCd value="001" Sync="TRUE"></TopoLevCd></topLvl></VectSpatRep></spatRepInfo><mdDateSt Sync="TRUE">20170315</mdDateSt><Binary/><eainfo><detailed Name="Jurisdictions_SP"><enttyp><enttypl Sync="TRUE">Jurisdictions_SP</enttypl><enttypt Sync="TRUE">Feature Class</enttypt><enttypc Sync="TRUE">0</enttypc></enttyp><attr><attrlabl Sync="TRUE">FID</attrlabl><attalias Sync="TRUE">FID</attalias><attrtype Sync="TRUE">OID</attrtype><attwidth Sync="TRUE">4</attwidth><atprecis Sync="TRUE">0</atprecis><attscale Sync="TRUE">0</attscale><attrdef Sync="TRUE">Internal feature number.</attrdef><attrdefs Sync="TRUE">Esri</attrdefs><attrdomv><udom Sync="TRUE">Sequential unique whole numbers that are automatically generated.</udom></attrdomv></attr><attr><attrlabl Sync="TRUE">SQ_MILES</attrlabl><attalias Sync="TRUE">SQ_MILES</attalias><attrtype Sync="TRUE">Double</attrtype><attwidth Sync="TRUE">19</attwidth><atprecis Sync="TRUE">18</atprecis><attscale Sync="TRUE">8</attscale></attr><attr><attrlabl Sync="TRUE">JURISDICTI</attrlabl><attalias Sync="TRUE">JURISDICTI</attalias><attrtype Sync="TRUE">String</attrtype><attwidth Sync="TRUE">30</attwidth><atprecis Sync="TRUE">0</atprecis><attscale Sync="TRUE">0</attscale></attr><attr><attrlabl Sync="TRUE">ACRES</attrlabl><attalias Sync="TRUE">ACRES</attalias><attrtype Sync="TRUE">Double</attrtype><attwidth Sync="TRUE">19</attwidth><atprecis Sync="TRUE">18</atprecis><attscale Sync="TRUE">8</attscale></attr><attr><attrlabl Sync="TRUE">EDITORNAME</attrlabl><attalias Sync="TRUE">EDITORNAME</attalias><attrtype Sync="TRUE">String</attrtype><attwidth Sync="TRUE">50</attwidth><atprecis Sync="TRUE">0</atprecis><attscale Sync="TRUE">0</attscale></attr><attr><attrlabl Sync="TRUE">LASTUPDATE</attrlabl><attalias Sync="TRUE">LASTUPDATE</attalias><attrtype Sync="TRUE">Date</attrtype><attwidth Sync="TRUE">8</attwidth><atprecis Sync="TRUE">0</atprecis><attscale Sync="TRUE">0</attscale></attr><attr><attrlabl Sync="TRUE">IN_COUNTY</attrlabl><attalias Sync="TRUE">IN_COUNTY</attalias><attrtype Sync="TRUE">String</attrtype><attwidth Sync="TRUE">4</attwidth><atprecis Sync="TRUE">0</atprecis><attscale Sync="TRUE">0</attscale></attr><attr><attrlabl Sync="TRUE">HYPERLINK</attrlabl><attalias Sync="TRUE">HYPERLINK</attalias><attrtype Sync="TRUE">String</attrtype><attwidth Sync="TRUE">254</attwidth><atprecis Sync="TRUE">0</atprecis><attscale Sync="TRUE">0</attscale></attr><attr><attrlabl Sync="TRUE">Shape</attrlabl><attalias Sync="TRUE">Shape</attalias><attrtype Sync="TRUE">Geometry</attrtype><attwidth Sync="TRUE">0</attwidth><atprecis Sync="TRUE">0</atprecis><attscale Sync="TRUE">0</attscale><attrdef Sync="TRUE">Feature geometry.</attrdef><attrdefs Sync="TRUE">ESRI</attrdefs><attrdomv><udom Sync="TRUE">Coordinates defining the features.</udom></attrdomv></attr><attr><attrlabl Sync="TRUE">CREATORNAM</attrlabl><attalias Sync="TRUE">CREATORNAM</attalias><attrtype Sync="TRUE">String</attrtype><attwidth Sync="TRUE">254</attwidth><atprecis Sync="TRUE">0</atprecis><attscale Sync="TRUE">0</attscale></attr><attr><attrlabl Sync="TRUE">CREATEDDAT</attrlabl><attalias Sync="TRUE">CREATEDDAT</attalias><attrtype Sync="TRUE">Date</attrtype><attwidth Sync="TRUE">8</attwidth><atprecis Sync="TRUE">0</atprecis><attscale Sync="TRUE">0</attscale></attr><attr><attrlabl Sync="TRUE">Shape_area</attrlabl><attalias Sync="TRUE">Shape_area</attalias><attrtype Sync="TRUE">Double</attrtype><attwidth Sync="TRUE">19</attwidth><atprecis Sync="TRUE">0</atprecis><attscale Sync="TRUE">0</attscale><attrdef Sync="TRUE">Area of feature in internal units squared.</attrdef><attrdefs Sync="TRUE">Esri</attrdefs><attrdomv><udom Sync="TRUE">Positive real numbers that are automatically generated.</udom></attrdomv></attr><attr><attrlabl Sync="TRUE">Shape_len</attrlabl><attalias Sync="TRUE">Shape_len</attalias><attrtype Sync="TRUE">Double</attrtype><attwidth Sync="TRUE">19</attwidth><atprecis Sync="TRUE">0</atprecis><attscale Sync="TRUE">0</attscale></attr></detailed></eainfo></metadata>
